name,status,constraints,wires,frontend_s,lowering_s,export_s,conversion_s,end_to_end_s,conversion_s_min,conversion_s_max
isequal,ok,4,7,0.030193124897778034,0.013680333271622658,0.012457750737667084,0.02613808400928974,0.056331208907067776,0.02442866563796997,0.6692702500149608
greaterthan,ok,39,41,0.02338641695678234,0.01478341594338417,0.013702957890927792,0.02828983310610056,0.0516762500628829,0.028121624141931534,0.029585416428744793
mux1_1,ok,14,15,0.024656333029270172,0.014755167067050934,0.01329920906573534,0.028054376132786274,0.052753292955458164,0.027431417256593704,0.028699666261672974
mux2_1,ok,28,29,0.025986957363784313,0.016898750327527523,0.014198457822203636,0.03128441609442234,0.057271373458206654,0.03109720814973116,0.03131404146552086
mux3_1,ok,47,48,0.026900874450802803,0.01844133250415325,0.01509991567581892,0.033888290636241436,0.060857124626636505,0.0333182904869318,0.0339562501758337
babyadd_tester,ok,6,11,0.02898287493735552,0.011239166371524334,0.011569125577807426,0.023126832209527493,0.052206956781446934,0.022747126407921314,0.023224081844091415
babycheck_test,ok,3,5,0.02925320714712143,0.010688249953091145,0.011290707625448704,0.02197895757853985,0.05086650047451258,0.02151112537831068,0.02479500137269497
edwards2montgomery,ok,2,5,0.014231458306312561,0.010601957328617573,0.011115167289972305,0.021625040099024773,0.035783542320132256,0.021552084013819695,0.022099209018051624
montgomery2edwards,ok,2,5,0.014074040576815605,0.01063074916601181,0.011162875220179558,0.021815000101923943,0.03587158303707838,0.02140629105269909,0.021880333311855793
montgomeryadd,ok,3,8,0.014841791242361069,0.01133833359926939,0.011542041786015034,0.022880375385284424,0.03777666576206684,0.022760707885026932,0.02404345851391554
montgomerydouble,ok,4,7,0.014754917472600937,0.011415124870836735,0.011334125883877277,0.022517832927405834,0.03727275040000677,0.022484291344881058,0.023746334947645664
sum_test,ok,200,200,0.02961958386003971,0.022739999927580357,0.02463424950838089,0.04733233246952295,0.07705287728458643,0.04720354173332453,0.04833204299211502
sign_test,ok,521,775,0.04503683280199766,0.1569632077589631,0.07424774952232838,0.2313561663031578,0.27608079090714455,0.230166207998991,0.23873716592788696
constants_test,ok,33,34,0.016005834564566612,0.013041083700954914,0.013245792128145695,0.02625137474387884,0.04218529351055622,0.02617945894598961,0.02647087536752224
pointbits_loopback,ok,5687,5673,0.16085341572761536,0.9983222493901849,0.6294244164600968,1.6265695001929998,1.7853483334183693,1.6121051665395498,1.655594208277762
babypbk_test,ok,10114,10115,0.1532734576612711,0.6082978751510382,0.4531651670113206,1.0970890000462532,1.2488048756495118,1.0490348739549518,1.2015677504241467
escalarmul_min_test,ok,6150,6407,1.72281904052943,1.8571307491511106,1.2473953748121858,3.1045261239632964,4.827345164492726,3.0887058321386576,3.293061832897365
escalarmulany_test,ok,8131,8134,0.12883062567561865,0.4095393754541874,0.3294839169830084,0.7523676659911871,0.8811982916668057,0.7187417913228273,0.7958116671070457
escalarmulfix_test,ok,10114,10115,0.15362037532031536,0.571314875036478,0.4347876673564315,1.0061025423929095,1.1625248342752457,0.9535725843161345,1.0419149147346616
pedersen_test,ok,13108,13109,4.598353000357747,4.161160125397146,2.840025749988854,7.001185875386,11.659347750246525,6.912599167786539,7.128125708550215
pedersen2_test,ok,8127,8128,0.14525120798498392,0.4591471254825592,0.37239949963986874,0.8255244996398687,0.9707757076248527,0.8198974998667836,0.860433790832758
sha256_test448,ok,408640,408465,2.3980399165302515,37.46476066671312,34.84231029264629,76.73695466760546,79.01687333360314,68.91774279158562,118.43155183456838
sha256_test512,ok,408640,408529,2.367296458221972,41.083571958355606,54.0325166657567,95.11608862411231,97.48338508233428,82.71389900054783,135.60344558302313
sha256_2_test,ok,204465,204154,1.5819256249815226,16.73277987446636,23.78622316662222,40.51900304108858,42.100928666070104,34.18640804104507,55.493844791315496
eddsa_test,ok,45259,46078,0.5307537503540516,4.376866666600108,3.0629967926070094,7.394523209892213,7.925276960246265,7.02797899954021,8.138460666872561
eddsamimc_test,ok,21737,21736,0.33777020778506994,1.7231708327308297,1.1144890831783414,2.8563670841977,3.19413729198277,2.837659915909171,2.9506103731691837
eddsaposeidon_test,ok,21246,21245,1.3751312904059887,2.9313542507588863,1.8089239578694105,4.740278208628297,6.1154094990342855,4.455415749922395,5.2837082920596
smtverifier10_test,ok,12582,12591,2.033497125841677,3.6420609587803483,2.404717542231083,6.046778501011431,8.11662516836077,5.786178207024932,6.24149095825851
smtprocessor10_test,ok,20465,20474,2.0084494994953275,5.265732832252979,3.6714420421049,8.93717487435788,10.974960083141923,8.594412541948259,9.482971832156181
